Year,RoundNumber,QualyPos,GridPosition,RacePos,Points,Laps,Q1_seconds,Q2_seconds,Q3_seconds,Team_Alpine,Team_Aston Martin,Team_Ferrari,Team_Haas F1 Team,Team_Kick Sauber,Team_McLaren,Team_Mercedes,Team_RB,Team_Red Bull Racing,Team_Williams,FinishedRace,IsRaceWinner,IsPodium,driver_avg_points_last_3,driver_avg_finish_pos_last_3,driver_avg_qualy_pos_last_3,driver_championship_points_before_race,driver_total_dnfs_season
2024,1,1,1,1,26.0,57.0,90.031,89.374,89.179,0,0,0,0,0,0,0,0,1,0,1,1,1,0.0,17.0,16.5,0.0,32s
2024,1,2,2,4,12.0,57.0,90.243,89.165,89.407,0,0,1,0,0,0,0,0,0,0,1,0,0,11.5,4.5,4.5,0.0,10
2024,1,3,3,5,10.0,57.0,90.35,89.922,89.485,0,0,0,0,0,0,1,0,0,0,1,0,0,0.0,16.5,16.5,0.0,17
2024,1,4,4,3,15.0,57.0,89.909,89.573,89.507,0,0,1,0,0,0,0,0,0,0,1,0,1,0.0,17.0,17.0,0.0,7
2024,1,5,5,2,18.0,57.0,90.221,89.932,89.537,0,0,0,0,0,0,0,0,1,0,1,0,1,5.0,12.5,7.0,0.0,40
2024,1,6,6,9,2.0,57.0,90.179,89.801,89.542,0,1,0,0,0,0,0,0,0,0,1,0,0,9.0,9.5,7.5,0.0,14
2024,1,7,7,6,8.0,57.0,90.143,89.941,89.614,0,0,0,0,0,1,0,0,0,0,1,0,0,0.0,16.5,17.5,0.0,28
2024,1,8,8,8,4.0,57.0,90.531,90.122,89.683,0,0,0,0,0,1,0,0,0,0,1,0,0,3.5,8.5,11.0,0.0,36
2024,1,9,9,7,6.0,57.0,90.451,89.718,89.71,0,0,0,0,0,0,1,0,0,0,1,0,0,5.5,8.0,4.5,0.0,28
2024,1,10,10,16,0.0,56.0,90.566,89.851,90.502,0,0,0,1,0,0,0,0,0,0,1,0,0,17.5,3.0,3.0,0.0,33
2024,1,11,11,14,0.0,56.0,90.481,90.129,999.0,0,0,0,0,0,0,0,1,0,0,1,0,0,0.0,14.5,16.0,0.0,45
2024,1,12,12,10,1.0,57.0,89.965,90.2,999.0,0,1,0,0,0,0,0,0,0,0,1,0,0,1.0,10.5,11.0,0.0,24
2024,1,13,13,15,0.0,56.0,90.397,90.221,999.0,0,0,0,0,0,0,0,0,0,1,1,0,0,0.0,0.0,0.0,0.0,0
2024,1,14,14,13,0.0,56.0,90.562,90.278,999.0,0,0,0,0,0,0,0,1,0,0,1,0,0,15.0,3.0,4.5,0.0,11
2024,1,15,15,12,0.0,56.0,90.646,90.529,999.0,0,0,0,1,0,0,0,0,0,0,1,0,0,4.0,8.0,12.0,0.0,22
2024,1,16,16,19,0.0,56.0,90.756,999.0,999.0,0,0,0,0,1,0,0,0,0,0,1,0,0,0.5,13.5,12.5,0.0,44
2024,1,17,17,11,0.0,56.0,90.757,999.0,999.0,0,0,0,0,1,0,0,0,0,0,1,0,0,18.5,2.5,1.5,0.0,20
2024,1,18,18,20,0.0,55.0,90.77,999.0,999.0,0,0,0,0,0,0,0,0,0,1,1,0,0,0.0,15.0,16.0,0.0,30
2024,1,19,19,17,0.0,56.0,90.793,999.0,999.0,1,0,0,0,0,0,0,0,0,0,1,0,0,0.0,13.0,13.5,0.0,13
2024,1,20,20,18,0.0,56.0,90.948,999.0,999.0,1,0,0,0,0,0,0,0,0,0,1,0,0,10.5,5.0,6.0,0.0,36
2024,2,1,1,1,25.0,50.0,88.171,88.033,87.472,0,0,0,0,0,0,0,0,1,0,1,1,1,13.0,9.0,10.0,1473.0,32
2024,2,2,2,3,16.0,50.0,88.318,88.112,87.791,0,0,1,0,0,0,0,0,0,0,1,0,1,10.0,5.0,4.5,268.0,10
2024,2,3,3,2,18.0,50.0,88.638,88.467,87.807,0,0,0,0,0,0,0,0,1,0,1,0,1,14.0,3.5,8.0,2193.0,40
2024,2,4,4,5,10.0,50.0,88.706,88.122,87.846,0,1,0,0,0,0,0,0,0,0,1,0,0,1.0,13.0,8.5,600.0,14
2024,2,5,5,4,12.0,50.0,88.755,88.343,88.089,0,0,0,0,0,1,0,0,0,0,1,0,0,2.5,9.0,9.5,1881.0,36
2024,2,6,6,8,4.0,50.0,88.805,88.479,88.132,0,0,0,0,0,1,0,0,0,0,1,0,0,4.0,12.0,11.0,937.0,28
2024,2,7,7,6,8.0,50.0,88.749,88.448,88.316,0,0,0,0,0,0,1,0,0,0,1,0,0,5.0,12.0,11.0,681.0,17
2024,2,8,8,9,2.0,50.0,88.994,88.606,88.46,0,0,0,0,0,0,1,0,0,0,1,0,0,4.0,8.5,6.0,1254.0,28
2024,2,9,9,15,0.0,49.0,88.988,88.564,88.547,0,0,0,0,0,0,0,1,0,0,1,0,0,0.0,12.5,12.0,2313.0,45
2024,2,10,10,19,0.0,5.0,88.25,88.578,88.572,0,1,0,0,0,0,0,0,0,0,0,0,0,1.5,9.5,11.0,906.0,24
2024,2,11,11,7,6.0,50.0,88.984,88.642,999.0,0,0,1,0,0,0,0,0,0,0,1,0,0,2.0,12.0,13.5,0.0,36
2024,2,12,12,11,0.0,50.0,89.107,88.98,999.0,0,0,0,0,0,0,0,0,0,1,1,0,0,0.0,15.0,13.0,0.0,0
2024,2,13,13,12,0.0,50.0,89.069,89.02,999.0,0,0,0,1,0,0,0,0,0,0,1,0,0,0.0,12.0,15.0,891.0,22
2024,2,14,14,16,0.0,49.0,89.065,89.025,999.0,0,0,0,0,0,0,0,1,0,0,1,0,0,9.0,7.5,9.5,568.0,11
2024,2,15,15,10,1.0,50.0,89.055,999.0,999.0,0,0,0,1,0,0,0,0,0,0,1,0,0,12.5,8.5,5.5,1838.0,33
2024,2,16,16,17,0.0,49.0,89.179,999.0,999.0,0,0,0,0,1,0,0,0,0,0,1,0,0,0.0,18.0,12.5,2313.0,44
2024,2,17,17,13,0.0,49.0,89.475,999.0,999.0,1,0,0,0,0,0,0,0,0,0,1,0,0,0.0,15.0,17.0,575.0,13
2024,2,18,18,20,0.0,1.0,89.479,999.0,999.0,1,0,0,0,0,0,0,0,0,0,0,0,0,7.5,10.5,12.0,2141.0,36
2024,2,19,19,14,0.0,49.0,89.526,999.0,999.0,0,0,0,0,0,0,0,0,0,1,1,0,0,0.0,17.0,17.5,1447.0,30
2024,2,20,20,18,0.0,49.0,999.0,999.0,999.0,0,0,0,0,1,0,0,0,0,0,1,0,0,6.0,7.5,9.5,887.0,20
2024,3,1,1,19,0.0,3.0,76.819,76.387,75.915,0,0,0,0,0,0,0,0,1,0,0,0,0,25.5,1.0,1.0,1498.0,32
2024,3,2,2,1,25.0,58.0,76.731,76.189,76.185,0,0,1,0,0,0,0,0,0,0,1,1,1,7.5,9.0,10.0,27.0,7
2024,3,3,6,5,10.0,58.0,76.805,76.631,76.274,0,0,0,0,0,0,0,0,1,0,1,0,0,18.0,2.0,4.0,2211.0,40
2024,3,4,3,3,15.0,58.0,77.43,76.75,76.315,0,0,0,0,0,1,0,0,0,0,1,0,1,6.0,7.0,6.5,941.0,28
2024,3,5,4,2,19.0,58.0,76.984,76.304,76.435,0,0,1,0,0,0,0,0,0,0,1,0,1,14.0,3.5,2.0,284.0,10
2024,3,6,5,4,12.0,58.0,77.369,76.601,76.572,0,0,0,0,0,1,0,0,0,0,1,0,0,8.0,6.0,6.5,1893.0,36
2024,3,7,7,17,0.0,56.0,77.062,76.901,76.724,0,0,0,0,0,0,1,0,0,0,0,0,0,9.0,5.5,5.0,689.0,17
2024,3,8,8,7,6.0,58.0,77.356,76.791,76.788,0,0,0,0,0,0,0,1,0,0,1,0,0,0.0,14.5,10.0,2313.0,45
2024,3,9,9,6,8.0,58.0,77.376,76.78,77.072,0,1,0,0,0,0,0,0,0,0,1,0,0,0.5,14.5,11.0,906.0,25
2024,3,10,10,8,4.0,58.0,76.991,76.71,77.552,0,1,0,0,0,0,0,0,0,0,1,0,0,6.0,7.0,5.0,610.0,14
2024,3,11,11,18,0.0,15.0,77.499,76.96,999.0,0,0,0,0,0,0,1,0,0,0,0,0,0,4.0,8.0,8.5,1256.0,28
2024,3,12,12,11,0.0,57.0,77.13,77.167,999.0,0,0,0,0,0,0,0,0,0,1,1,0,0,0.0,13.0,12.5,0.0,0
2024,3,13,13,14,0.0,57.0,77.543,77.34,999.0,0,0,0,0,1,0,0,0,0,0,1,0,0,0.0,18.0,16.0,2313.0,44
2024,3,14,14,10,1.0,57.0,77.709,77.427,999.0,0,0,0,1,0,0,0,0,0,0,1,0,0,0.0,12.0,14.0,891.0,22
2024,3,15,15,16,0.0,57.0,77.617,77.697,999.0,1,0,0,0,0,0,0,0,0,0,1,0,0,0.0,15.0,18.0,575.0,13
2024,3,16,16,9,2.0,58.0,77.976,999.0,999.0,0,0,0,1,0,0,0,0,0,0,1,0,0,0.5,13.0,12.5,1839.0,33
2024,3,17,17,13,0.0,57.0,77.982,999.0,999.0,1,0,0,0,0,0,0,0,0,0,1,0,0,0.0,19.0,19.0,2141.0,37
2024,3,18,18,12,0.0,57.0,78.085,999.0,999.0,0,0,0,0,0,0,0,1,0,0,1,0,0,0.0,14.5,14.0,568.0,11
2024,3,19,19,15,0.0,57.0,78.188,999.0,999.0,0,0,0,0,1,0,0,0,0,0,1,0,0,0.0,14.5,18.5,887.0,20
2024,4,1,1,1,26.0,53.0,88.866,88.74,88.197,0,0,0,0,0,0,0,0,1,0,1,1,1,17.0,7.0,1.0,1498.0,33
2024,4,2,2,2,18.0,53.0,89.303,88.752,88.263,0,0,0,0,0,0,0,0,1,0,1,0,1,15.333333333333334,3.0,3.6666666666666665,2221.0,40
2024,4,3,3,5,10.0,53.0,89.536,88.94,88.489,0,0,0,0,0,1,0,0,0,0,1,0,0,9.0,5.666666666666667,5.666666666666667,956.0,28
2024,4,4,4,3,15.0,53.0,89.513,89.099,88.682,0,0,1,0,0,0,0,0,0,0,1,0,1,20.0,2.0,3.0,52.0,7
2024,4,5,5,6,8.0,53.0,89.254,89.082,88.686,0,1,0,0,0,0,0,0,0,0,1,0,0,5.333333333333333,7.333333333333333,6.666666666666667,614.0,14
2024,4,6,6,8,4.0,53.0,89.425,89.148,88.76,0,0,0,0,0,1,0,0,0,0,1,0,0,9.333333333333334,5.333333333333333,6.333333333333333,1905.0,36
2024,4,7,7,9,2.0,53.0,89.661,88.887,88.766,0,0,0,0,0,0,1,0,0,0,1,0,0,2.6666666666666665,11.333333333333334,9.333333333333334,1256.0,29
2024,4,8,8,4,12.0,53.0,89.338,89.196,88.786,0,0,1,0,0,0,0,0,0,0,1,0,0,15.666666666666666,3.0,3.0,303.0,10
2024,4,9,9,7,6.0,53.0,89.799,89.14,89.008,0,0,0,0,0,0,1,0,0,0,1,0,0,6.0,9.333333333333334,5.666666666666667,689.0,18
2024,4,10,10,10,1.0,52.0,89.775,89.417,89.413,0,0,0,0,0,0,0,1,0,0,1,0,0,2.0,12.0,9.333333333333334,2319.0,45
2024,4,11,11,19,0.0,0.0,89.727,89.472,999.0,0,0,0,0,0,0,0,1,0,0,0,0,0,0.0,13.666666666666666,15.333333333333334,568.0,11
2024,4,12,12,11,0.0,52.0,89.821,89.494,999.0,0,0,0,1,0,0,0,0,0,0,1,0,0,1.0,11.666666666666666,13.666666666666666,1841.0,33
2024,4,13,13,14,0.0,52.0,89.602,89.593,999.0,0,0,0,0,1,0,0,0,0,0,1,0,0,0.0,16.666666666666668,15.0,2313.0,44
2024,4,14,14,20,0.0,0.0,89.963,89.714,999.0,0,0,0,0,0,0,0,0,0,1,0,0,0,0.0,12.333333333333334,12.333333333333334,0.0,0
2024,4,15,15,15,0.0,52.0,89.811,89.816,999.0,1,0,0,0,0,0,0,0,0,0,1,0,0,0.0,15.333333333333334,17.0,575.0,13
2024,4,16,16,12,0.0,52.0,90.024,999.0,999.0,0,1,0,0,0,0,0,0,0,0,1,0,0,3.0,11.666666666666666,10.333333333333334,914.0,25
2024,4,17,17,16,0.0,52.0,90.119,999.0,999.0,1,0,0,0,0,0,0,0,0,0,1,0,0,0.0,17.0,18.333333333333332,2141.0,37
2024,4,18,18,13,0.0,52.0,90.131,999.0,999.0,0,0,0,1,0,0,0,0,0,0,1,0,0,0.3333333333333333,11.333333333333334,14.0,892.0,22
2024,4,19,19,17,0.0,52.0,90.139,999.0,999.0,0,0,0,0,0,0,0,0,0,1,1,0,0,0.0,17.0,18.5,1447.0,30
2024,4,20,20,18,0.0,12.0,90.143,999.0,999.0,0,0,0,0,1,0,0,0,0,0,0,0,0,0.0,14.666666666666666,18.666666666666668,887.0,20
2024,5,1,1,1,25.0,56.0,94.742,93.794,93.66,0,0,0,0,0,0,0,0,1,0,1,1,1,17.0,7.0,1.0,1524.0,33
2024,5,2,2,3,15.0,56.0,95.457,94.026,93.982,0,0,0,0,0,0,0,0,1,0,1,0,1,15.333333333333334,3.0,2.6666666666666665,2239.0,40
2024,5,3,3,7,7.0,56.0,95.116,94.652,94.148,0,1,0,0,0,0,0,0,0,0,1,0,0,7.333333333333333,6.333333333333333,6.333333333333333,622.0,14
2024,5,4,4,2,18.0,56.0,94.842,94.46,94.165,0,0,0,0,0,1,0,0,0,0,1,0,1,9.666666666666666,5.333333333333333,4.333333333333333,966.0,28
2024,5,5,5,8,4.0,56.0,95.014,94.659,94.273,0,0,0,0,0,1,0,0,0,0,1,0,0,9.333333333333334,5.333333333333333,5.666666666666667,1909.0,36
2024,5,6,6,4,12.0,56.0,94.797,94.399,94.289,0,0,1,0,0,0,0,0,0,0,1,0,0,15.666666666666666,3.0,5.0,315.0,10
2024,5,7,7,5,10.0,56.0,94.97,94.368,94.297,0,0,1,0,0,0,0,0,0,0,1,0,0,18.333333333333332,2.3333333333333335,3.3333333333333335,67.0,7
2024,5,8,8,6,8.0,56.0,95.084,94.609,94.433,0,0,0,0,0,0,1,0,0,0,1,0,0,4.666666666666667,10.0,7.666666666666667,695.0,18
2024,5,9,9,10,1.0,56.0,95.068,94.667,94.604,0,0,0,1,0,0,0,0,0,0,1,0,0,1.0,10.0,14.333333333333334,1841.0,33
2024,5,10,10,20,0.0,19.0,95.169,94.769,94.665,0,0,0,0,1,0,0,0,0,0,0,0,0,0.0,15.0,14.0,2313.0,44
2024,5,11,11,15,0.0,56.0,95.334,94.838,999.0,0,1,0,0,0,0,0,0,0,0,1,0,0,2.6666666666666665,12.333333333333334,11.666666666666666,914.0,25
2024,5,12,12,18,0.0,33.0,95.443,94.934,999.0,0,0,0,0,0,0,0,1,0,0,0,0,0,0.0,15.666666666666666,14.333333333333334,568.0,12
2024,5,13,13,11,0.0,56.0,95.356,95.223,999.0,1,0,0,0,0,0,0,0,0,0,1,0,0,0.0,14.666666666666666,15.666666666666666,575.0,13
2024,5,14,14,12,0.0,56.0,95.384,95.241,999.0,0,0,0,0,0,0,0,0,0,1,1,0,0,0.0,14.0,12.666666666666666,0.0,1
2024,5,15,15,13,0.0,56.0,95.287,95.463,999.0,1,0,0,0,0,0,0,0,0,0,1,0,0,0.0,16.333333333333332,17.333333333333332,2141.0,37
2024,5,16,16,14,0.0,56.0,95.505,999.0,999.0,0,0,0,0,1,0,0,0,0,0,1,0,0,0.0,17.0,19.666666666666668,887.0,21
2024,5,17,17,16,0.0,56.0,95.516,999.0,999.0,0,0,0,1,0,0,0,0,0,0,1,0,0,0.3333333333333333,11.666666666666666,15.0,892.0,22
2024,5,18,18,9,2.0,56.0,95.573,999.0,999.0,0,0,0,0,0,0,1,0,0,0,1,0,0,1.3333333333333333,12.0,8.666666666666666,1258.0,29
2024,5,19,19,19,0.0,26.0,95.746,999.0,999.0,0,0,0,0,0,0,0,1,0,0,0,0,0,2.3333333333333335,10.666666666666666,9.0,2320.0,45
2024,5,20,20,17,0.0,56.0,96.358,999.0,999.0,0,0,0,0,0,0,0,0,0,1,1,0,0,0.0,17.0,18.666666666666668,1447.0,30
2024,6,1,1,2,18.0,57.0,87.689,87.566,87.241,0,0,0,0,0,0,0,0,1,0,1,0,1,17.0,7.0,1.0,1549.0,33
2024,6,2,2,3,15.0,57.0,88.081,87.533,87.382,0,0,1,0,0,0,0,0,0,0,1,0,1,14.333333333333334,3.3333333333333335,6.333333333333333,327.0,10
2024,6,3,3,5,10.0,57.0,87.937,87.941,87.455,0,0,1,0,0,0,0,0,0,0,1,0,0,16.666666666666668,3.0,4.333333333333333,77.0,7
2024,6,4,4,4,12.0,57.0,87.772,87.839,87.46,0,0,0,0,0,0,0,0,1,0,1,0,0,14.333333333333334,3.3333333333333335,2.3333333333333335,2254.0,40
2024,6,5,5,1,25.0,57.0,87.913,87.871,87.594,0,0,0,0,0,1,0,0,0,0,1,1,1,14.333333333333334,3.3333333333333335,3.6666666666666665,984.0,28
2024,6,6,6,13,0.0,57.0,88.032,87.721,87.675,0,0,0,0,0,1,0,0,0,0,1,0,0,6.666666666666667,6.666666666666667,5.666666666666667,1913.0,36
2024,6,7,7,8,4.0,57.0,88.159,88.095,88.067,0,0,0,0,0,0,1,0,0,0,1,0,0,4.666666666666667,10.0,8.0,703.0,18
2024,6,8,8,6,8.0,57.0,88.167,87.697,88.107,0,0,0,0,0,0,1,0,0,0,1,0,0,1.3333333333333333,12.0,12.0,1260.0,29
2024,6,9,9,11,0.0,57.0,88.383,88.2,88.146,0,0,0,1,0,0,0,0,0,0,1,0,0,1.0,10.0,12.333333333333334,1842.0,33
2024,6,10,10,7,6.0,57.0,88.324,88.167,88.192,0,0,0,0,0,0,0,1,0,0,1,0,0,2.3333333333333335,12.0,12.333333333333334,2320.0,46
2024,6,11,11,17,0.0,57.0,88.177,88.222,999.0,0,1,0,0,0,0,0,0,0,0,1,0,0,2.6666666666666665,11.0,12.0,914.0,25
2024,6,12,12,12,0.0,57.0,87.976,88.324,999.0,1,0,0,0,0,0,0,0,0,0,1,0,0,0.0,14.0,16.333333333333332,2141.0,37
2024,6,13,13,10,1.0,57.0,88.209,88.371,999.0,1,0,0,0,0,0,0,0,0,0,1,0,0,0.0,14.0,14.333333333333334,575.0,13
2024,6,14,14,18,0.0,57.0,88.343,88.413,999.0,0,0,0,0,0,0,0,0,0,1,1,0,0,0.0,14.333333333333334,13.333333333333334,0.0,1
2024,6,15,15,9,2.0,57.0,88.453,88.427,999.0,0,1,0,0,0,0,0,0,0,0,1,0,0,6.333333333333333,7.0,6.0,629.0,14
2024,6,16,16,16,0.0,57.0,88.463,999.0,999.0,0,0,0,0,1,0,0,0,0,0,1,0,0,0.0,16.0,12.0,2313.0,45
2024,6,17,17,20,0.0,27.0,88.487,999.0,999.0,0,0,0,0,0,0,0,0,0,1,0,0,0,0.0,16.0,19.333333333333332,1447.0,30
2024,6,18,20,15,0.0,57.0,88.617,999.0,999.0,0,0,0,0,0,0,0,1,0,0,1,0,0,0.0,16.333333333333332,13.666666666666666,568.0,13
2024,6,19,18,19,0.0,57.0,88.619,999.0,999.0,0,0,0,1,0,0,0,0,0,0,1,0,0,0.3333333333333333,13.0,16.333333333333332,892.0,22
2024,6,20,19,14,0.0,57.0,88.824,999.0,999.0,0,0,0,0,1,0,0,0,0,0,1,0,0,0.0,15.666666666666666,18.333333333333332,887.0,21
2024,7,1,1,1,25.0,63.0,75.762,75.176,74.746,0,0,0,0,0,0,0,0,1,0,1,1,1,23.0,1.3333333333333333,1.0,1567.0,33
2024,7,2,5,4,12.0,63.0,75.94,75.407,74.82,0,0,0,0,0,1,0,0,0,0,1,0,0,2.6666666666666665,9.666666666666666,5.666666666666667,1913.0,36
2024,7,3,2,2,18.0,63.0,75.915,75.371,74.837,0,0,0,0,0,1,0,0,0,0,1,0,1,17.666666666666668,2.6666666666666665,4.0,1009.0,28
2024,7,4,3,3,15.0,63.0,75.823,75.328,74.97,0,0,1,0,0,0,0,0,0,0,1,0,1,13.0,3.6666666666666665,5.333333333333333,342.0,10
2024,7,5,4,5,10.0,63.0,76.015,75.512,75.233,0,0,1,0,0,0,0,0,0,0,1,0,0,11.666666666666666,4.333333333333333,4.666666666666667,87.0,7
2024,7,6,6,7,7.0,63.0,76.107,75.671,75.234,0,0,0,0,0,0,1,0,0,0,1,0,0,6.0,7.0,8.0,707.0,18
2024,7,7,7,10,1.0,62.0,75.894,75.358,75.465,0,0,0,0,0,0,0,1,0,0,1,0,0,2.3333333333333335,12.0,13.0,2326.0,46
2024,7,8,8,6,8.0,63.0,76.604,75.677,75.504,0,0,0,0,0,0,1,0,0,0,1,0,0,4.0,8.0,11.0,1268.0,29
2024,7,9,9,13,0.0,62.0,76.06,75.691,75.674,0,0,0,0,0,0,0,1,0,0,1,0,0,0.0,17.333333333333332,13.666666666666666,568.0,13
2024,7,10,10,11,0.0,62.0,75.841,75.569,75.98,0,0,0,1,0,0,0,0,0,0,1,0,0,0.3333333333333333,10.666666666666666,10.0,1842.0,33
2024,7,11,11,8,4.0,63.0,76.404,75.706,999.0,0,0,0,0,0,0,0,0,1,0,1,0,0,15.0,3.0,2.6666666666666665,2266.0,40
2024,7,12,12,14,0.0,62.0,76.361,75.906,999.0,1,0,0,0,0,0,0,0,0,0,1,0,0,0.3333333333333333,12.0,13.666666666666666,576.0,13
2024,7,13,13,9,2.0,63.0,76.458,75.992,999.0,0,1,0,0,0,0,0,0,0,0,1,0,0,0.0,14.666666666666666,12.666666666666666,914.0,25
2024,7,14,14,20,0.0,51.0,76.524,76.2,999.0,0,0,0,0,0,0,0,0,0,1,0,0,0,0.0,16.666666666666668,14.0,0.0,1
2024,7,15,15,16,0.0,62.0,76.015,76.381,999.0,1,0,0,0,0,0,0,0,0,0,1,0,0,0.0,13.666666666666666,14.666666666666666,2141.0,37
2024,7,16,16,18,0.0,62.0,76.626,999.0,999.0,0,0,0,0,1,0,0,0,0,0,1,0,0,0.0,16.666666666666668,13.0,2313.0,45
2024,7,17,17,15,0.0,62.0,76.834,999.0,999.0,0,0,0,0,1,0,0,0,0,0,1,0,0,0.0,15.333333333333334,18.666666666666668,887.0,21
2024,7,18,18,12,0.0,62.0,76.854,999.0,999.0,0,0,0,1,0,0,0,0,0,0,1,0,0,0.0,16.0,18.0,892.0,22
2024,7,19,20,19,0.0,62.0,76.917,999.0,999.0,0,1,0,0,0,0,0,0,0,0,1,0,0,5.666666666666667,7.333333333333333,7.666666666666667,631.0,14
2024,7,20,19,17,0.0,62.0,999.0,999.0,999.0,0,0,0,0,0,0,0,0,0,1,1,0,0,0.0,18.0,18.666666666666668,1447.0,31
2024,8,1,1,1,25.0,78.0,71.584,70.825,70.27,0,0,1,0,0,0,0,0,0,0,1,1,1,14.0,3.3333333333333335,4.0,357.0,10
2024,8,2,2,2,18.0,78.0,71.5,70.756,70.424,0,0,0,0,0,1,0,0,0,0,1,0,1,5.333333333333333,8.333333333333334,4.333333333333333,1925.0,36
2024,8,3,3,3,15.0,78.0,71.543,71.075,70.518,0,0,1,0,0,0,0,0,0,0,1,0,1,10.0,5.0,5.0,97.0,7
2024,8,4,4,4,12.0,78.0,71.76,70.732,70.542,0,0,0,0,0,1,0,0,0,0,1,0,0,20.333333333333332,1.6666666666666667,4.0,1027.0,28
2024,8,5,5,5,10.0,78.0,71.492,70.929,70.543,0,0,0,0,0,0,1,0,0,0,1,0,0,6.333333333333333,7.0,7.0,714.0,18
2024,8,6,6,6,8.0,78.0,71.711,70.745,70.567,0,0,0,0,0,0,0,0,1,0,1,0,0,22.666666666666668,1.3333333333333333,1.0,1592.0,33
2024,8,7,7,7,7.0,78.0,71.528,71.056,70.621,0,0,0,0,0,0,1,0,0,0,1,0,0,6.0,7.0,11.333333333333334,1276.0,29
2024,8,8,8,8,4.0,77.0,71.852,71.106,70.858,0,0,0,0,0,0,0,1,0,0,1,0,0,2.3333333333333335,12.0,12.0,2327.0,46
2024,8,9,9,9,2.0,77.0,71.623,71.216,70.948,0,0,0,0,0,0,0,0,0,1,1,0,0,0.0,16.666666666666668,14.0,0.0,2
2024,8,10,10,10,1.0,77.0,71.714,70.896,71.311,1,0,0,0,0,0,0,0,0,0,1,0,0,0.0,13.666666666666666,14.0,2141.0,37
2024,8,11,11,17,0.0,0.0,71.887,71.285,999.0,1,0,0,0,0,0,0,0,0,0,0,0,0,0.3333333333333333,11.666666666666666,12.666666666666666,576.0,13
2024,8,12,12,12,0.0,76.0,71.785,71.482,999.0,0,0,0,0,0,0,0,1,0,0,1,0,0,0.0,15.333333333333334,13.0,568.0,13
2024,8,13,13,14,0.0,76.0,71.728,71.563,999.0,0,1,0,0,0,0,0,0,0,0,1,0,0,0.6666666666666666,13.666666666666666,11.666666666666666,916.0,25
2024,8,14,14,11,0.0,76.0,72.019,999.0,999.0,0,1,0,0,0,0,0,0,0,0,1,0,0,3.0,11.666666666666666,12.333333333333334,631.0,14
2024,8,14,19,19,0.0,0.0,71.876,71.44,999.0,0,0,0,1,0,0,0,0,0,0,0,0,0,0.3333333333333333,10.666666666666666,9.333333333333334,1842.0,33
2024,8,15,20,20,0.0,0.0,71.832,71.725,999.0,0,0,0,1,0,0,0,0,0,0,0,0,0,0.0,15.666666666666666,18.0,892.0,22
2024,8,15,15,15,0.0,76.0,72.02,999.0,999.0,0,0,0,0,0,0,0,0,0,1,1,0,0,0.0,18.0,19.0,1447.0,31
2024,8,16,16,18,0.0,0.0,72.06,999.0,999.0,0,0,0,0,0,0,0,0,1,0,0,0,0,10.333333333333334,5.0,5.666666666666667,2270.0,40
2024,8,17,17,13,0.0,76.0,72.512,999.0,999.0,0,0,0,0,1,0,0,0,0,0,1,0,0,0.0,18.0,14.0,2313.0,45
2024,8,18,18,16,0.0,76.0,73.028,999.0,999.0,0,0,0,0,1,0,0,0,0,0,1,0,0,0.0,14.333333333333334,17.666666666666668,887.0,21
2024,9,1,1,3,15.0,70.0,73.013,71.742,72.0,0,0,0,0,0,0,1,0,0,0,1,0,1,7.0,6.666666666666667,6.0,724.0,18
2024,9,2,2,1,25.0,70.0,72.36,72.549,72.0,0,0,0,0,0,0,0,0,1,0,1,1,1,17.0,3.0,2.6666666666666665,1600.0,33
2024,9,3,3,2,18.0,70.0,72.959,72.201,72.021,0,0,0,0,0,1,0,0,0,0,1,0,1,18.333333333333332,2.3333333333333335,4.0,1039.0,28
2024,9,4,4,5,10.0,70.0,72.907,72.462,72.103,0,0,0,0,0,1,0,0,0,0,1,0,0,10.0,6.333333333333333,3.3333333333333335,1943.0,36
2024,9,5,5,8,4.0,70.0,73.24,72.572,72.178,0,0,0,0,0,0,0,1,0,0,1,0,0,0.0,13.333333333333334,13.0,568.0,13
2024,9,6,6,6,8.0,70.0,73.117,72.635,72.228,0,1,0,0,0,0,0,0,0,0,1,0,0,0.6666666666666666,13.0,16.0,631.0,14
2024,9,7,7,4,13.0,70.0,72.851,71.979,72.28,0,0,0,0,0,0,1,0,0,0,1,0,0,7.666666666666667,6.333333333333333,7.666666666666667,1283.0,29
2024,9,8,8,14,0.0,70.0,72.748,72.303,72.414,0,0,0,0,0,0,0,1,0,0,1,0,0,3.6666666666666665,8.333333333333334,8.333333333333334,2331.0,46
2024,9,9,9,7,6.0,70.0,73.088,72.659,72.701,0,1,0,0,0,0,0,0,0,0,1,0,0,0.6666666666666666,13.333333333333334,12.333333333333334,916.0,25
2024,9,10,10,17,0.0,52.0,72.896,72.485,72.796,0,0,0,0,0,0,0,0,0,1,0,0,0,0.6666666666666666,15.666666666666666,12.333333333333334,2.0,2
2024,9,11,11,19,0.0,40.0,73.107,72.691,999.0,0,0,1,0,0,0,0,0,0,0,0,0,0,18.333333333333332,2.3333333333333335,2.3333333333333335,382.0,10
2024,9,12,12,16,0.0,52.0,73.038,72.728,999.0,0,0,1,0,0,0,0,0,0,0,0,0,0,11.666666666666666,4.333333333333333,3.6666666666666665,112.0,7
2024,9,13,13,20,0.0,23.0,73.063,72.736,999.0,0,0,0,0,0,0,0,0,0,1,0,0,0,0.0,17.333333333333332,17.333333333333332,1447.0,31
2024,9,14,14,12,0.0,70.0,73.217,72.916,999.0,0,0,0,1,0,0,0,0,0,0,1,0,0,0.0,17.0,17.333333333333332,892.0,23
2024,9,15,15,9,2.0,70.0,73.289,72.94,999.0,1,0,0,0,0,0,0,0,0,0,1,0,0,0.3333333333333333,12.666666666666666,12.333333333333334,2142.0,37
2024,9,16,16,18,0.0,51.0,73.326,999.0,999.0,0,0,0,0,0,0,0,0,1,0,0,0,0,5.333333333333333,10.0,10.333333333333334,2270.0,41
2024,9,17,19,13,0.0,70.0,73.366,999.0,999.0,0,0,0,0,1,0,0,0,0,0,1,0,0,0.0,15.666666666666666,16.333333333333332,2313.0,45
2024,9,18,18,10,1.0,70.0,73.435,999.0,999.0,1,0,0,0,0,0,0,0,0,0,1,0,0,0.3333333333333333,13.666666666666666,12.0,576.0,14
2024,9,19,17,11,0.0,70.0,73.978,999.0,999.0,0,0,0,1,0,0,0,0,0,0,1,0,0,0.0,13.666666666666666,11.0,1842.0,34
2024,9,20,20,15,0.0,69.0,74.292,999.0,999.0,0,0,0,0,1,0,0,0,0,0,1,0,0,0.0,15.0,18.333333333333332,887.0,21
2024,10,1,1,2,19.0,66.0,72.386,71.872,71.383,0,0,0,0,0,1,0,0,0,0,1,0,1,16.0,2.6666666666666665,3.3333333333333335,1057.0,28
2024,10,2,2,1,25.0,66.0,72.306,71.653,71.403,0,0,0,0,0,0,0,0,1,0,1,1,1,19.333333333333332,2.6666666666666665,3.0,1625.0,33
2024,10,3,3,3,15.0,66.0,72.143,71.792,71.701,0,0,0,0,0,0,1,0,0,0,1,0,1,9.333333333333334,5.666666666666667,7.333333333333333,1296.0,29
2024,10,4,4,4,12.0,66.0,72.456,71.812,71.703,0,0,0,0,0,0,1,0,0,0,1,0,0,10.666666666666666,5.0,4.0,739.0,18
2024,10,5,5,5,10.0,66.0,72.257,72.038,71.731,0,0,1,0,0,0,0,0,0,0,1,0,0,13.333333333333334,7.666666666666667,5.333333333333333,382.0,11
2024,10,6,6,6,8.0,66.0,72.403,71.874,71.736,0,0,1,0,0,0,0,0,0,0,1,0,0,8.333333333333334,8.0,6.666666666666667,112.0,8
2024,10,7,7,9,2.0,66.0,72.651,72.079,71.857,1,0,0,0,0,0,0,0,0,0,1,0,0,1.0,11.666666666666666,13.333333333333334,2144.0,37
2024,10,8,11,8,4.0,66.0,72.477,72.054,72.061,0,0,0,0,0,0,0,0,1,0,1,0,0,1.3333333333333333,14.666666666666666,14.333333333333334,2270.0,42
2024,10,9,8,10,1.0,66.0,72.691,72.109,72.125,1,0,0,0,0,0,0,0,0,0,1,0,0,0.3333333333333333,13.666666666666666,13.666666666666666,577.0,14
2024,10,10,9,7,6.0,66.0,72.46,72.011,999.0,0,0,0,0,0,1,0,0,0,0,1,0,0,13.333333333333334,3.6666666666666665,2.6666666666666665,1953.0,36
2024,10,11,10,12,0.0,65.0,72.505,72.128,999.0,0,1,0,0,0,0,0,0,0,0,1,0,0,2.6666666666666665,12.0,13.0,639.0,14
2024,10,12,12,16,0.0,65.0,72.758,72.227,999.0,0,0,0,0,1,0,0,0,0,0,1,0,0,0.0,14.666666666666666,16.666666666666668,2313.0,45
2024,10,13,13,11,0.0,66.0,72.708,72.31,999.0,0,0,0,1,0,0,0,0,0,0,1,0,0,0.0,13.666666666666666,14.333333333333334,1842.0,34
2024,10,14,14,14,0.0,65.0,72.881,72.372,999.0,0,1,0,0,0,0,0,0,0,0,1,0,0,2.6666666666666665,10.0,11.666666666666666,922.0,25
2024,10,15,15,13,0.0,65.0,72.88,72.738,999.0,0,0,0,0,1,0,0,0,0,0,1,0,0,0.0,15.333333333333334,18.333333333333332,887.0,21
2024,10,16,16,17,0.0,65.0,72.937,999.0,999.0,0,0,0,1,0,0,0,0,0,0,1,0,0,0.0,14.666666666666666,15.666666666666666,892.0,23
2024,10,17,17,19,0.0,65.0,72.985,999.0,999.0,0,0,0,0,0,0,0,1,0,0,1,0,0,1.6666666666666667,10.666666666666666,7.666666666666667,2331.0,46
2024,10,18,18,15,0.0,65.0,73.075,999.0,999.0,0,0,0,0,0,0,0,1,0,0,1,0,0,1.3333333333333333,11.0,8.666666666666666,572.0,13
2024,10,19,20,18,0.0,65.0,73.153,999.0,999.0,0,0,0,0,0,0,0,0,0,1,1,0,0,0.6666666666666666,15.333333333333334,11.0,2.0,3
2024,10,20,19,20,0.0,64.0,73.509,999.0,999.0,0,0,0,0,0,0,0,0,0,1,1,0,0,0.0,17.333333333333332,16.0,1447.0,32
2024,11,1,1,5,10.0,71.0,65.336,64.469,64.314,0,0,0,0,0,0,0,0,1,0,1,0,0,19.333333333333332,2.6666666666666665,3.3333333333333335,1650.0,33
2024,11,2,2,20,0.0,64.0,65.45,65.103,64.718,0,0,0,0,0,1,0,0,0,0,1,0,0,16.333333333333332,2.6666666666666665,2.6666666666666665,1076.0,28
2024,11,3,3,1,25.0,71.0,65.585,65.016,64.84,0,0,0,0,0,0,1,0,0,0,1,1,1,12.333333333333334,4.0,3.3333333333333335,751.0,18
2024,11,4,4,3,15.0,71.0,65.263,65.016,64.851,0,0,1,0,0,0,0,0,0,0,1,0,1,7.666666666666667,8.333333333333334,7.0,120.0,8
2024,11,5,5,4,12.0,71.0,65.541,65.053,64.903,0,0,0,0,0,0,1,0,0,0,1,0,0,11.666666666666666,4.666666666666667,5.666666666666667,1311.0,29
2024,11,6,6,11,0.0,71.0,65.509,65.104,65.044,0,0,1,0,0,0,0,0,0,0,1,0,0,11.666666666666666,8.333333333333334,5.666666666666667,392.0,11
2024,11,7,7,2,18.0,71.0,65.311,65.07,65.048,0,0,0,0,0,1,0,0,0,0,1,0,1,11.333333333333334,4.666666666666667,5.333333333333333,1959.0,36
2024,11,8,8,7,6.0,71.0,65.587,65.144,65.202,0,0,0,0,0,0,0,0,1,0,1,0,0,1.3333333333333333,14.666666666666666,13.333333333333334,2274.0,42
2024,11,9,9,6,8.0,71.0,65.596,65.262,65.385,0,0,0,1,0,0,0,0,0,0,1,0,0,0.0,13.666666666666666,15.333333333333334,1842.0,34
2024,11,10,10,12,0.0,71.0,65.574,65.274,65.883,1,0,0,0,0,0,0,0,0,0,1,0,0,0.6666666666666666,12.333333333333334,12.666666666666666,578.0,14
2024,11,11,11,9,2.0,71.0,65.569,65.289,999.0,0,0,0,0,0,0,0,1,0,0,1,0,0,1.3333333333333333,11.666666666666666,11.666666666666666,572.0,13
2024,11,12,12,8,4.0,71.0,65.508,65.347,999.0,0,0,0,1,0,0,0,0,0,0,1,0,0,0.0,16.333333333333332,15.0,892.0,23
2024,11,13,13,10,1.0,71.0,65.598,65.359,999.0,1,0,0,0,0,0,0,0,0,0,1,0,0,1.6666666666666667,9.333333333333334,10.666666666666666,2146.0,37
2024,11,14,14,14,0.0,70.0,65.563,65.412,999.0,0,0,0,0,0,0,0,1,0,0,1,0,0,1.3333333333333333,13.666666666666666,11.0,2331.0,46
2024,11,15,15,18,0.0,70.0,65.656,65.639,999.0,0,1,0,0,0,0,0,0,0,0,1,0,0,2.6666666666666665,9.666666666666666,10.333333333333334,639.0,14
2024,11,16,16,15,0.0,70.0,65.736,999.0,999.0,0,0,0,0,0,0,0,0,0,1,1,0,0,0.6666666666666666,14.666666666666666,12.666666666666666,2.0,3
2024,11,17,17,13,0.0,70.0,65.819,999.0,999.0,0,1,0,0,0,0,0,0,0,0,1,0,0,2.0,11.666666666666666,12.0,922.0,25
2024,11,18,18,16,0.0,70.0,65.847,999.0,999.0,0,0,0,0,1,0,0,0,0,0,1,0,0,0.0,14.0,15.333333333333334,2313.0,45
2024,11,19,19,19,0.0,69.0,65.856,999.0,999.0,0,0,0,0,0,0,0,0,0,1,1,0,0,0.0,18.333333333333332,16.0,1447.0,32
2024,11,20,20,17,0.0,70.0,66.061,999.0,999.0,0,0,0,0,1,0,0,0,0,0,1,0,0,0.0,14.666666666666666,17.666666666666668,887.0,21
2024,12,1,1,19,0.0,33.0,90.106,86.723,85.819,0,0,0,0,0,0,1,0,0,0,0,0,0,17.333333333333332,2.6666666666666665,2.6666666666666665,776.0,18
2024,12,2,2,1,25.0,52.0,89.547,86.77,85.99,0,0,0,0,0,0,1,0,0,0,1,1,1,13.333333333333334,3.6666666666666665,5.0,1323.0,29
2024,12,3,3,3,15.0,52.0,91.596,86.559,86.03,0,0,0,0,0,1,0,0,0,0,1,0,1,12.333333333333334,8.0,2.0,1076.0,28
2024,12,4,4,2,18.0,52.0,91.342,86.796,86.203,0,0,0,0,0,0,0,0,1,0,1,0,1,20.0,2.3333333333333335,1.6666666666666667,1660.0,33
2024,12,5,5,4,12.0,52.0,90.895,86.733,86.237,0,0,0,0,0,1,0,0,0,0,1,0,0,11.333333333333334,4.666666666666667,7.0,1977.0,36
2024,12,6,6,6,8.0,52.0,91.929,86.847,86.338,0,0,0,1,0,0,0,0,0,0,1,0,0,2.6666666666666665,9.333333333333334,13.666666666666666,1850.0,34
2024,12,7,7,5,11.0,52.0,90.557,86.843,86.509,0,0,1,0,0,0,0,0,0,0,1,0,0,7.666666666666667,8.333333333333334,7.333333333333333,135.0,8
2024,12,8,8,7,6.0,52.0,91.41,86.938,86.585,0,1,0,0,0,0,0,0,0,0,1,0,0,2.0,11.333333333333334,13.333333333333334,922.0,25
2024,12,9,9,9,2.0,52.0,91.135,86.933,86.64,0,0,0,0,0,0,0,0,0,1,1,0,0,0.0,16.666666666666668,15.0,2.0,3
2024,12,10,10,8,4.0,52.0,91.264,86.73,86.917,0,1,0,0,0,0,0,0,0,0,1,0,0,2.6666666666666665,12.0,10.666666666666666,639.0,14
2024,12,11,11,14,0.0,51.0,90.496,87.097,999.0,0,0,1,0,0,0,0,0,0,0,1,0,0,3.3333333333333335,11.666666666666666,7.333333333333333,392.0,11
2024,12,12,12,11,0.0,52.0,91.608,87.175,999.0,0,0,0,0,0,0,0,0,0,1,1,0,0,0.0,19.666666666666668,17.333333333333332,1447.0,32
2024,12,13,13,10,1.0,52.0,90.994,87.269,999.0,0,0,0,0,0,0,0,1,0,0,1,0,0,0.0,15.666666666666666,13.0,2331.0,46
2024,12,14,14,18,0.0,50.0,91.19,87.867,999.0,0,0,0,0,1,0,0,0,0,0,1,0,0,0.0,15.0,18.333333333333332,887.0,21
2024,12,15,15,13,0.0,51.0,91.291,87.949,999.0,0,0,0,0,0,0,0,1,0,0,1,0,0,2.0,10.666666666666666,11.333333333333334,574.0,13
2024,12,16,16,15,0.0,51.0,92.431,999.0,999.0,0,0,0,0,1,0,0,0,0,0,1,0,0,0.0,15.0,15.666666666666666,2313.0,45
2024,12,17,17,12,0.0,52.0,92.905,999.0,999.0,0,0,0,1,0,0,0,0,0,0,1,0,0,1.3333333333333333,12.333333333333334,14.0,896.0,23
2024,12,18,18,16,0.0,50.0,94.557,999.0,999.0,1,0,0,0,0,0,0,0,0,0,1,0,0,0.6666666666666666,10.666666666666666,12.333333333333334,578.0,14
2024,12,19,20,17,0.0,50.0,98.348,999.0,999.0,0,0,0,0,0,0,0,0,1,0,1,0,0,3.3333333333333335,11.0,10.666666666666666,2280.0,42
2024,12,20,19,20,0.0,0.0,99.804,999.0,999.0,1,0,0,0,0,0,0,0,0,0,0,0,0,1.6666666666666667,9.333333333333334,11.666666666666666,2147.0,37
2024,13,1,1,2,18.0,70.0,77.755,75.54,75.227,0,0,0,0,0,1,0,0,0,0,1,0,1,11.333333333333334,8.333333333333334,2.0,1091.0,28
2024,13,2,2,1,25.0,70.0,77.504,75.785,75.249,0,0,0,0,0,1,0,0,0,0,1,1,1,12.0,4.333333333333333,7.333333333333333,1989.0,36
2024,13,3,3,5,10.0,70.0,77.087,75.77,75.273,0,0,0,0,0,0,0,0,1,0,1,0,0,17.666666666666668,2.6666666666666665,2.3333333333333335,1678.0,33
2024,13,4,4,6,8.0,70.0,77.244,75.885,75.696,0,0,1,0,0,0,0,0,0,0,1,0,0,11.333333333333334,4.666666666666667,5.666666666666667,146.0,8
2024,13,5,5,3,15.0,70.0,77.087,76.307,75.854,0,0,0,0,0,0,1,0,0,0,1,0,1,17.333333333333332,2.6666666666666665,3.3333333333333335,1348.0,29
2024,13,6,6,4,12.0,70.0,77.437,75.891,75.905,0,0,1,0,0,0,0,0,0,0,1,0,0,3.3333333333333335,10.0,7.333333333333333,392.0,11
2024,13,7,7,11,0.0,70.0,77.624,76.117,76.043,0,1,0,0,0,0,0,0,0,0,1,0,0,1.3333333333333333,12.666666666666666,12.0,643.0,14
2024,13,8,8,10,1.0,70.0,77.405,76.075,76.244,0,1,0,0,0,0,0,0,0,0,1,0,0,2.0,11.333333333333334,13.0,928.0,25
2024,13,9,9,12,0.0,69.0,77.05,76.202,76.447,0,0,0,0,0,0,0,1,0,0,1,0,0,0.6666666666666666,12.333333333333334,14.666666666666666,574.0,13
2024,13,10,10,9,2.0,70.0,77.436,76.121,76.477,0,0,0,0,0,0,0,1,0,0,1,0,0,0.3333333333333333,14.333333333333334,14.666666666666666,2332.0,46
2024,13,11,11,13,0.0,69.0,77.362,76.317,999.0,0,0,0,1,0,0,0,0,0,0,1,0,0,5.333333333333333,7.666666666666667,9.333333333333334,1858.0,34
2024,13,12,12,16,0.0,69.0,77.487,76.384,999.0,0,0,0,0,1,0,0,0,0,0,1,0,0,0.0,15.666666666666666,15.333333333333334,2313.0,45
2024,13,13,13,14,0.0,69.0,77.28,76.429,999.0,0,0,0,0,0,0,0,0,0,1,1,0,0,0.6666666666666666,14.0,14.666666666666666,4.0,3
2024,13,14,14,17,0.0,69.0,77.77,76.543,999.0,0,0,0,0,0,0,0,0,0,1,1,0,0,0.0,16.666666666666668,17.0,1447.0,32
2024,13,15,15,15,0.0,69.0,77.851,76.548,999.0,0,0,0,1,0,0,0,0,0,0,1,0,0,1.3333333333333333,12.333333333333334,15.0,896.0,23
2024,13,16,16,7,6.0,70.0,77.886,999.0,999.0,0,0,0,0,0,0,0,0,1,0,1,0,0,3.3333333333333335,10.666666666666666,11.666666666666666,2280.0,42
2024,13,17,17,8,5.0,70.0,77.968,999.0,999.0,0,0,0,0,0,0,1,0,0,0,1,0,0,12.333333333333334,8.0,2.6666666666666665,776.0,19
2024,13,18,18,19,0.0,69.0,78.037,999.0,999.0,0,0,0,0,1,0,0,0,0,0,1,0,0,0.0,16.0,16.333333333333332,887.0,21
2024,13,19,19,18,0.0,69.0,78.049,999.0,999.0,1,0,0,0,0,0,0,0,0,0,1,0,0,0.3333333333333333,12.666666666666666,12.333333333333334,578.0,14
2024,13,20,20,20,0.0,33.0,78.166,999.0,999.0,1,0,0,0,0,0,0,0,0,0,0,0,0,1.0,13.0,13.333333333333334,2147.0,38
2024,14,1,11,4,12.0,44.0,114.938,113.837,113.159,0,0,0,0,0,0,0,0,1,0,1,0,0,12.666666666666666,4.0,2.6666666666666665,1688.0,33
2024,14,2,1,3,15.0,44.0,115.349,114.193,113.754,0,0,1,0,0,0,0,0,0,0,1,0,1,4.0,9.666666666666666,7.666666666666667,404.0,11
2024,14,3,2,7,7.0,44.0,115.139,114.47,113.765,0,0,0,0,0,0,0,0,1,0,1,0,0,4.0,10.333333333333334,14.333333333333334,2286.0,42
2024,14,4,3,1,25.0,44.0,115.692,114.037,113.835,0,0,0,0,0,0,1,0,0,0,1,1,1,17.333333333333332,2.6666666666666665,4.0,1363.0,29
2024,14,5,4,5,10.0,44.0,115.582,114.358,113.981,0,0,0,0,0,1,0,0,0,0,1,0,0,11.0,8.333333333333334,2.0,1109.0,28
2024,14,6,5,2,18.0,44.0,114.835,114.136,114.027,0,0,0,0,0,1,0,0,0,0,1,0,1,18.333333333333332,2.3333333333333335,4.666666666666667,2014.0,36
2024,14,7,6,20,0.0,44.0,115.353,114.095,114.184,0,0,0,0,0,0,1,0,0,0,0,0,0,10.0,9.333333333333334,7.0,781.0,19
2024,14,8,7,6,8.0,44.0,115.169,114.112,114.477,0,0,1,0,0,0,0,0,0,0,1,0,0,11.333333333333334,4.666666666666667,5.0,154.0,8
2024,14,9,8,8,4.0,44.0,115.489,114.258,114.765,0,1,0,0,0,0,0,0,0,0,1,0,0,1.3333333333333333,12.333333333333334,10.666666666666666,643.0,14
2024,14,10,9,9,2.0,44.0,115.417,114.46,114.81,1,0,0,0,0,0,0,0,0,0,1,0,0,0.0,15.333333333333334,15.666666666666666,578.0,14
2024,14,11,10,12,0.0,44.0,115.722,114.473,999.0,0,0,0,0,0,0,0,0,0,1,1,0,0,0.6666666666666666,12.666666666666666,12.666666666666666,4.0,3
2024,14,12,12,13,0.0,44.0,114.911,114.635,999.0,1,0,0,0,0,0,0,0,0,0,1,0,0,0.3333333333333333,16.666666666666668,17.666666666666668,2147.0,39
2024,14,13,13,10,1.0,44.0,115.451,114.682,999.0,0,0,0,0,0,0,0,1,0,0,1,0,0,0.6666666666666666,11.333333333333334,11.666666666666666,574.0,13
2024,14,14,14,15,0.0,44.0,115.531,114.764,999.0,0,0,0,0,1,0,0,0,0,0,1,0,0,0.0,15.666666666666666,15.333333333333334,2313.0,45
2024,14,15,15,11,0.0,44.0,116.072,115.716,999.0,0,1,0,0,0,0,0,0,0,0,1,0,0,2.3333333333333335,10.0,11.0,929.0,25
2024,14,16,16,18,0.0,44.0,116.308,999.0,999.0,0,0,0,1,0,0,0,0,0,0,1,0,0,5.333333333333333,8.333333333333334,8.666666666666666,1858.0,34
2024,14,17,17,14,0.0,44.0,116.5,999.0,999.0,0,0,0,1,0,0,0,0,0,0,1,0,0,1.3333333333333333,11.666666666666666,14.666666666666666,896.0,23
2024,14,18,20,16,0.0,44.0,116.593,999.0,999.0,0,0,0,0,0,0,0,1,0,0,1,0,0,1.0,11.0,12.333333333333334,2334.0,46
2024,14,19,18,17,0.0,44.0,117.23,999.0,999.0,0,0,0,0,0,0,0,0,0,1,1,0,0,0.0,15.666666666666666,15.0,1447.0,32
2024,14,20,19,19,0.0,5.0,117.775,999.0,999.0,0,0,0,0,1,0,0,0,0,0,0,0,0,0.0,18.0,17.333333333333332,887.0,21
2024,15,1,1,1,26.0,72.0,71.377,70.496,69.673,0,0,0,0,0,1,0,0,0,0,1,1,1,14.333333333333334,3.3333333333333335,3.0,1119.0,28
2024,15,2,2,2,18.0,72.0,71.393,70.811,70.029,0,0,0,0,0,0,0,0,1,0,1,0,1,13.333333333333334,3.6666666666666665,2.6666666666666665,1700.0,33
2024,15,3,3,4,12.0,72.0,71.541,70.505,70.172,0,0,0,0,0,1,0,0,0,0,1,0,0,18.333333333333332,2.3333333333333335,4.333333333333333,2032.0,36
2024,15,4,4,7,6.0,72.0,71.049,70.552,70.244,0,0,0,0,0,0,1,0,0,0,1,0,0,1.6666666666666667,15.666666666666666,8.333333333333334,781.0,20
2024,15,5,5,6,8.0,72.0,71.006,70.678,70.416,0,0,0,0,0,0,0,0,1,0,1,0,0,4.333333333333333,10.333333333333334,12.666666666666666,2293.0,42
2024,15,6,6,3,15.0,72.0,71.37,70.689,70.582,0,0,1,0,0,0,0,0,0,0,1,0,1,9.0,7.0,6.333333333333333,419.0,11
2024,15,7,7,10,1.0,71.0,71.493,70.845,70.633,0,1,0,0,0,0,0,0,0,0,1,0,0,2.6666666666666665,9.0,8.666666666666666,647.0,14
2024,15,8,8,13,0.0,71.0,71.518,70.661,70.857,0,1,0,0,0,0,0,0,0,0,1,0,0,2.3333333333333335,9.333333333333334,10.333333333333334,929.0,25
2024,15,9,9,9,2.0,71.0,71.718,70.815,70.977,1,0,0,0,0,0,0,0,0,0,1,0,0,0.0,17.666666666666668,17.333333333333332,2147.0,39
2024,15,10,19,14,0.0,71.0,999.0,70.768,70.653,0,0,0,0,0,0,0,0,0,1,1,0,0,0.6666666666666666,11.666666666666666,11.0,4.0,3
2024,15,10,10,5,10.0,72.0,71.327,70.914,999.0,0,0,1,0,0,0,0,0,0,0,1,0,0,9.0,5.666666666666667,6.333333333333333,162.0,8
2024,15,11,14,8,4.0,72.0,71.375,70.948,999.0,0,0,0,0,0,0,1,0,0,0,1,0,0,21.666666666666668,1.6666666666666667,3.6666666666666665,1388.0,29
2024,15,12,11,17,0.0,71.0,71.603,70.955,999.0,0,0,0,0,0,0,0,1,0,0,1,0,0,1.0,11.666666666666666,13.666666666666666,2334.0,46
2024,15,13,12,11,0.0,71.0,71.832,71.215,999.0,0,0,0,1,0,0,0,0,0,0,1,0,0,2.6666666666666665,12.333333333333334,11.0,1858.0,34
2024,15,14,20,18,0.0,71.0,71.63,71.295,999.0,0,0,0,1,0,0,0,0,0,0,1,0,0,0.0,13.666666666666666,16.333333333333332,896.0,23
2024,15,15,13,12,0.0,71.0,71.943,999.0,999.0,0,0,0,0,0,0,0,1,0,0,1,0,0,0.3333333333333333,11.666666666666666,12.333333333333334,575.0,13
2024,15,16,15,15,0.0,71.0,71.995,999.0,999.0,1,0,0,0,0,0,0,0,0,0,1,0,0,0.6666666666666666,14.333333333333334,15.666666666666666,580.0,14
2024,15,17,16,19,0.0,70.0,72.168,999.0,999.0,0,0,0,0,1,0,0,0,0,0,1,0,0,0.0,15.333333333333334,14.0,2313.0,45
2024,15,18,17,20,0.0,70.0,73.261,999.0,999.0,0,0,0,0,1,0,0,0,0,0,1,0,0,0.0,18.666666666666668,17.333333333333332,887.0,22
2024,15,20,18,16,0.0,71.0,999.0,999.0,999.0,0,0,0,0,0,0,0,0,0,1,1,0,0,0.0,15.0,15.0,1447.0,32
2024,16,1,1,3,16.0,53.0,79.911,79.727,79.327,0,0,0,0,0,1,0,0,0,0,1,0,1,18.0,2.6666666666666665,2.3333333333333335,1145.0,28
2024,16,2,2,2,18.0,53.0,80.076,79.808,79.436,0,0,0,0,0,1,0,0,0,0,1,0,1,18.333333333333332,2.3333333333333335,3.6666666666666665,2044.0,36
2024,16,3,3,7,6.0,53.0,80.169,79.877,79.44,0,0,0,0,0,0,1,0,0,0,1,0,0,3.6666666666666665,11.666666666666666,9.333333333333334,787.0,20
2024,16,4,4,1,25.0,53.0,80.074,80.007,79.461,0,0,1,0,0,0,0,0,0,0,1,1,1,14.0,3.3333333333333335,4.666666666666667,434.0,11
2024,16,5,5,4,12.0,53.0,80.149,79.799,79.467,0,0,1,0,0,0,0,0,0,0,1,0,0,8.666666666666666,5.666666666666667,7.333333333333333,172.0,8
2024,16,6,6,5,10.0,53.0,80.477,79.641,79.513,0,0,0,0,0,0,1,0,0,0,1,0,0,14.666666666666666,4.0,6.666666666666667,1392.0,29
2024,16,7,7,6,8.0,53.0,80.226,79.662,80.022,0,0,0,0,0,0,0,0,1,0,1,0,0,13.333333333333334,3.6666666666666665,2.0,1718.0,33
2024,16,8,8,8,4.0,53.0,80.598,80.216,80.062,0,0,0,0,0,0,0,0,1,0,1,0,0,7.0,6.666666666666667,8.0,2301.0,42
2024,16,9,9,9,2.0,53.0,80.542,80.314,80.299,0,0,0,0,0,0,0,0,0,1,1,0,0,0.0,13.333333333333334,11.333333333333334,4.0,3
2024,16,10,10,17,0.0,52.0,80.781,80.411,80.339,0,0,0,1,0,0,0,0,0,0,1,0,0,0.0,14.0,13.333333333333334,1858.0,34
2024,16,11,11,11,0.0,53.0,80.617,80.421,999.0,0,1,0,0,0,0,0,0,0,0,1,0,0,1.6666666666666667,9.666666666666666,7.666666666666667,648.0,14
2024,16,12,12,13,0.0,53.0,80.901,80.479,999.0,0,0,0,0,0,0,0,1,0,0,1,0,0,0.3333333333333333,11.333333333333334,12.333333333333334,575.0,13
2024,16,13,13,10,1.0,53.0,80.856,80.698,999.0,0,0,0,1,0,0,0,0,0,0,1,0,0,0.0,15.666666666666666,15.333333333333334,896.0,23
2024,16,14,14,15,0.0,52.0,80.748,80.738,999.0,1,0,0,0,0,0,0,0,0,0,1,0,0,0.6666666666666666,14.0,13.666666666666666,2149.0,39
2024,16,15,15,14,0.0,52.0,80.764,80.766,999.0,1,0,0,0,0,0,0,0,0,0,1,0,0,0.6666666666666666,14.0,15.0,580.0,14
2024,16,16,16,20,0.0,7.0,80.945,999.0,999.0,0,0,0,0,0,0,0,1,0,0,0,0,0,0.6666666666666666,14.0,13.333333333333334,2334.0,46
2024,16,17,17,19,0.0,52.0,81.013,999.0,999.0,0,1,0,0,0,0,0,0,0,0,1,0,0,0.3333333333333333,11.333333333333334,10.333333333333334,929.0,25
2024,16,18,18,12,0.0,53.0,81.061,999.0,999.0,0,0,0,0,0,0,0,0,0,1,1,0,0,3.0,9.0,12.5,0.0,15
2024,16,19,19,16,0.0,52.0,81.101,999.0,999.0,0,0,0,0,1,0,0,0,0,0,1,0,0,0.0,16.666666666666668,14.333333333333334,2313.0,45
2024,16,20,20,18,0.0,52.0,81.445,999.0,999.0,0,0,0,0,1,0,0,0,0,0,1,0,0,0.0,19.333333333333332,18.666666666666668,887.0,22
2024,17,1,1,2,18.0,51.0,102.775,102.056,101.365,0,0,1,0,0,0,0,0,0,0,1,0,1,18.333333333333332,2.3333333333333335,4.0,459.0,11
2024,17,2,2,1,25.0,51.0,103.033,102.598,101.686,0,0,0,0,0,1,0,0,0,0,1,1,1,16.0,2.6666666666666665,3.6666666666666665,2062.0,36
2024,17,3,3,18,0.0,49.0,103.357,102.503,101.805,0,0,1,0,0,0,0,0,0,0,0,0,0,10.0,5.0,7.666666666666667,184.0,8
2024,17,4,4,17,0.0,49.0,103.213,102.263,101.813,0,0,0,0,0,0,0,0,1,0,0,0,0,6.333333333333333,7.0,5.333333333333333,2305.0,42
2024,17,5,5,3,15.0,51.0,103.139,102.329,101.874,0,0,0,0,0,0,1,0,0,0,1,0,1,4.0,11.333333333333334,4.666666666666667,793.0,20
2024,17,6,6,5,10.0,51.0,103.097,102.042,102.023,0,0,0,0,0,0,0,0,1,0,1,0,0,12.666666666666666,4.0,3.3333333333333335,1726.0,33
2024,17,7,19,9,2.0,51.0,103.089,102.765,102.289,0,0,0,0,0,0,1,0,0,0,1,0,0,13.0,4.666666666666667,7.0,1402.0,29
2024,17,8,7,6,8.0,51.0,103.472,102.426,102.369,0,1,0,0,0,0,0,0,0,0,1,0,0,1.6666666666666667,9.666666666666666,9.0,648.0,14
2024,17,9,8,8,4.0,51.0,103.138,102.473,102.53,0,0,0,0,0,0,0,0,0,1,1,0,0,3.0,9.5,13.0,666.0,15
2024,17,10,9,7,6.0,51.0,102.899,102.84,102.859,0,0,0,0,0,0,0,0,0,1,1,0,0,0.6666666666666666,11.666666666666666,10.0,6.0,3
2024,17,11,10,10,1.0,51.0,103.471,102.968,999.0,0,0,0,1,0,0,0,0,0,0,1,0,0,3.0,11.5,14.5,1876.0,36
2024,17,12,11,20,0.0,14.0,103.337,103.035,999.0,0,0,0,0,0,0,0,1,0,0,0,0,0,0.0,17.666666666666668,15.333333333333334,2334.0,47
2024,17,13,12,11,0.0,51.0,103.101,103.191,999.0,0,0,0,1,0,0,0,0,0,0,1,0,0,0.0,15.333333333333334,13.0,1858.0,34
2024,17,14,13,19,0.0,45.0,103.37,103.404,999.0,0,1,0,0,0,0,0,0,0,0,0,0,0,0.0,14.333333333333334,13.333333333333334,929.0,25
2024,17,15,14,13,0.0,51.0,103.547,999.0,999.0,0,0,0,0,0,0,0,1,0,0,1,0,0,0.3333333333333333,11.666666666666666,13.333333333333334,575.0,13
2024,17,15,18,12,0.0,51.0,999.0,103.179,999.0,1,0,0,0,0,0,0,0,0,0,1,0,0,0.6666666666666666,12.333333333333334,11.666666666666666,2149.0,39
2024,17,16,15,4,13.0,51.0,103.609,999.0,999.0,0,0,0,0,0,1,0,0,0,0,1,0,0,17.333333333333332,3.0,2.3333333333333335,1161.0,28
2024,17,17,16,16,0.0,50.0,103.618,999.0,999.0,0,0,0,0,1,0,0,0,0,0,1,0,0,0.0,16.666666666666668,16.666666666666668,2313.0,45
2024,17,18,17,14,0.0,51.0,104.246,999.0,999.0,0,0,0,0,1,0,0,0,0,0,1,0,0,0.0,19.0,19.333333333333332,887.0,22
2024,17,19,20,15,0.0,50.0,104.504,999.0,999.0,1,0,0,0,0,0,0,0,0,0,1,0,0,0.6666666666666666,12.666666666666666,13.666666666666666,580.0,14
2024,18,1,1,1,25.0,62.0,90.002,90.007,89.525,0,0,0,0,0,1,0,0,0,0,1,1,1,18.333333333333332,2.6666666666666665,6.0,1174.0,28
2024,18,2,2,2,18.0,62.0,90.157,89.68,89.728,0,0,0,0,0,0,0,0,1,0,1,0,1,12.0,4.333333333333333,5.0,1736.0,33
2024,18,3,3,6,8.0,62.0,90.393,89.929,89.841,0,0,0,0,0,0,1,0,0,0,1,0,0,5.333333333333333,7.333333333333333,8.0,1404.0,29
2024,18,4,4,4,12.0,62.0,90.811,90.153,89.867,0,0,0,0,0,0,1,0,0,0,1,0,0,9.0,5.666666666666667,4.0,808.0,20
2024,18,5,5,3,15.0,62.0,90.258,89.64,89.953,0,0,0,0,0,1,0,0,0,0,1,0,1,18.333333333333332,2.3333333333333335,2.3333333333333335,2087.0,36
2024,18,6,6,9,2.0,61.0,90.724,90.15,90.115,0,0,0,1,0,0,0,0,0,0,1,0,0,0.0,13.0,12.0,1858.0,34
2024,18,7,7,8,4.0,61.0,90.684,90.45,90.214,0,1,0,0,0,0,0,0,0,0,1,0,0,3.0,9.0,8.666666666666666,656.0,14
2024,18,8,8,12,0.0,61.0,90.716,90.289,90.354,0,0,0,0,0,0,0,1,0,0,1,0,0,0.0,19.0,13.333333333333334,2334.0,48
2024,18,9,9,5,10.0,62.0,90.786,89.747,999.0,0,0,1,0,0,0,0,0,0,0,1,0,0,19.333333333333332,2.0,3.6666666666666665,477.0,11
2024,18,10,10,7,6.0,62.0,90.67,90.108,999.0,0,0,1,0,0,0,0,0,0,0,1,0,0,7.333333333333333,9.0,6.0,184.0,9
2024,18,11,11,20,0.0,15.0,90.679,90.474,999.0,0,0,0,0,0,0,0,0,0,1,0,0,0,2.6666666666666665,10.0,9.666666666666666,12.0,3
2024,18,12,12,11,0.0,61.0,90.704,90.481,999.0,0,0,0,0,0,0,0,0,0,1,1,0,0,2.0,10.0,13.5,670.0,15
2024,18,13,13,10,1.0,61.0,90.624,90.579,999.0,0,0,0,0,0,0,0,0,1,0,1,0,0,4.0,10.333333333333334,5.666666666666667,2305.0,43
2024,18,14,14,19,0.0,57.0,90.829,90.653,999.0,0,0,0,1,0,0,0,0,0,0,0,0,0,0.3333333333333333,14.0,14.666666666666666,897.0,23
2024,18,15,15,13,0.0,61.0,90.958,90.769,999.0,1,0,0,0,0,0,0,0,0,0,1,0,0,0.0,14.666666666666666,16.666666666666668,580.0,14
2024,18,16,16,18,0.0,61.0,91.085,999.0,999.0,0,0,0,0,0,0,0,1,0,0,1,0,0,0.0,12.666666666666666,14.0,575.0,13
2024,18,17,17,14,0.0,61.0,91.094,999.0,999.0,0,1,0,0,0,0,0,0,0,0,1,0,0,0.0,17.0,13.0,929.0,26
2024,18,18,18,17,0.0,61.0,91.312,999.0,999.0,1,0,0,0,0,0,0,0,0,0,1,0,0,0.6666666666666666,12.0,12.666666666666666,2149.0,39
2024,18,19,19,16,0.0,61.0,91.572,999.0,999.0,0,0,0,0,1,0,0,0,0,0,1,0,0,0.0,17.0,17.666666666666668,2313.0,45
2024,18,20,20,15,0.0,61.0,92.054,999.0,999.0,0,0,0,0,1,0,0,0,0,0,1,0,0,0.0,17.333333333333332,18.666666666666668,887.0,22
2024,19,1,1,4,12.0,56.0,93.616,92.851,92.33,0,0,0,0,0,1,0,0,0,0,1,0,0,18.0,2.6666666666666665,6.0,1199.0,28
2024,19,2,2,3,15.0,56.0,93.046,92.584,92.361,0,0,0,0,0,0,0,0,1,0,1,0,1,12.0,4.333333333333333,5.0,1754.0,33
2024,19,3,3,2,18.0,56.0,93.556,92.836,92.652,0,0,1,0,0,0,0,0,0,0,1,0,1,6.0,9.666666666666666,6.0,190.0,9
2024,19,4,4,1,25.0,56.0,93.241,92.962,92.74,0,0,1,0,0,0,0,0,0,0,1,1,1,17.666666666666668,2.6666666666666665,4.666666666666667,487.0,11
2024,19,5,5,5,10.0,56.0,93.864,93.057,92.95,0,0,0,0,0,1,0,0,0,0,1,0,0,19.333333333333332,2.0,3.0,2102.0,36
2024,19,6,20,6,8.0,56.0,93.536,93.142,92.974,0,0,0,0,0,0,1,0,0,0,1,0,0,11.0,4.666666666666667,4.0,820.0,20
2024,19,7,6,12,0.0,56.0,93.55,93.162,93.018,1,0,0,0,0,0,0,0,0,0,1,0,0,0.0,14.666666666666666,15.666666666666666,2149.0,39
2024,19,8,7,13,0.0,55.0,93.973,93.429,93.309,0,1,0,0,0,0,0,0,0,0,1,0,0,4.0,8.333333333333334,8.666666666666666,660.0,14
2024,19,9,8,11,0.0,56.0,93.564,93.474,93.481,0,0,0,1,0,0,0,0,0,0,1,0,0,0.3333333333333333,15.666666666666666,13.666666666666666,897.0,24
2024,19,10,9,7,6.0,56.0,93.611,93.02,999.0,0,0,0,0,0,0,0,0,1,0,1,0,0,1.6666666666666667,11.666666666666666,8.333333333333334,2306.0,43
2024,19,11,10,14,0.0,55.0,93.795,93.506,999.0,0,0,0,0,0,0,0,1,0,0,1,0,0,0.0,17.333333333333332,12.0,2334.0,48
2024,19,12,11,8,4.0,56.0,93.601,93.544,999.0,0,0,0,1,0,0,0,0,0,0,1,0,0,0.6666666666666666,12.333333333333334,9.666666666666666,1860.0,34
2024,19,13,12,18,0.0,55.0,93.986,93.597,999.0,1,0,0,0,0,0,0,0,0,0,1,0,0,0.0,14.0,16.333333333333332,580.0,14
2024,19,14,13,15,0.0,55.0,94.033,93.759,999.0,0,1,0,0,0,0,0,0,0,0,1,0,0,0.0,17.333333333333332,16.0,929.0,26
2024,19,15,19,9,2.0,56.0,93.339,999.0,999.0,0,0,0,0,0,0,0,1,0,0,1,0,0,9.0,7.0,8.0,0.0,30
2024,19,16,14,16,0.0,55.0,94.051,999.0,999.0,0,0,0,0,0,0,0,0,0,1,1,0,0,2.6666666666666665,12.0,10.0,12.0,4
2024,19,17,15,10,1.0,56.0,94.062,999.0,999.0,0,0,0,0,0,0,0,0,0,1,1,0,0,1.3333333333333333,10.333333333333334,13.0,670.0,15
2024,19,18,16,17,0.0,55.0,94.152,999.0,999.0,0,0,0,0,1,0,0,0,0,0,1,0,0,0.0,16.0,18.333333333333332,2313.0,45
2024,19,19,17,20,0.0,1.0,94.154,999.0,999.0,0,0,0,0,0,0,1,0,0,0,0,0,0,6.666666666666667,6.666666666666667,5.333333333333333,1412.0,29
2024,19,20,18,19,0.0,55.0,94.228,999.0,999.0,0,0,0,0,1,0,0,0,0,0,1,0,0,0.0,15.666666666666666,19.333333333333332,887.0,22
2024,20,1,1,1,25.0,71.0,76.778,76.515,75.946,0,0,1,0,0,0,0,0,0,0,1,1,1,8.0,9.0,5.333333333333333,208.0,9
2024,20,2,2,6,8.0,71.0,76.803,76.514,76.171,0,0,0,0,0,0,0,0,1,0,1,0,0,14.333333333333334,3.3333333333333335,3.3333333333333335,1769.0,33
2024,20,3,3,2,18.0,71.0,76.505,76.301,76.26,0,0,0,0,0,1,0,0,0,0,1,0,1,16.666666666666668,3.0,6.0,1211.0,28
2024,20,4,4,3,16.0,71.0,76.972,76.641,76.265,0,0,1,0,0,0,0,0,0,0,1,0,1,17.666666666666668,2.6666666666666665,4.666666666666667,512.0,11
2024,20,5,5,5,10.0,71.0,77.194,76.937,76.356,0,0,0,0,0,0,1,0,0,0,1,0,0,11.666666666666666,4.333333333333333,5.0,828.0,20
2024,20,6,6,4,12.0,71.0,77.306,76.973,76.651,0,0,0,0,0,0,1,0,0,0,1,0,0,3.3333333333333335,11.666666666666666,9.666666666666666,1412.0,30
2024,20,7,7,7,6.0,71.0,77.125,77.003,76.886,0,0,0,1,0,0,0,0,0,0,1,0,0,0.3333333333333333,13.333333333333334,12.0,897.0,24
2024,20,8,8,10,1.0,70.0,77.149,77.048,76.892,1,0,0,0,0,0,0,0,0,0,1,0,0,0.0,13.666666666666666,13.333333333333334,2149.0,39
2024,20,9,9,19,0.0,0.0,77.189,76.988,77.065,0,0,0,0,0,0,0,0,0,1,0,0,0,2.0,14.333333333333334,12.333333333333334,12.0,4
2024,20,10,10,9,2.0,70.0,77.186,76.995,77.365,0,0,0,1,0,0,0,0,0,0,1,0,0,2.0,9.333333333333334,10.333333333333334,1864.0,34
2024,20,11,11,20,0.0,0.0,77.182,77.129,999.0,0,0,0,0,0,0,0,1,0,0,0,0,0,0.0,15.333333333333334,10.333333333333334,2334.0,48
2024,20,12,12,16,0.0,70.0,77.38,77.162,999.0,0,0,0,0,0,0,0,1,0,0,1,0,0,1.0,10.5,10.5,1445.0,30
2024,20,13,13,18,0.0,15.0,77.307,77.168,999.0,0,1,0,0,0,0,0,0,0,0,0,0,0,4.0,9.0,7.666666666666667,660.0,14
2024,20,14,14,11,0.0,70.0,77.407,77.294,999.0,0,1,0,0,0,0,0,0,0,0,1,0,0,0.0,16.0,15.0,929.0,26
2024,20,15,15,14,0.0,70.0,77.393,77.817,999.0,0,0,0,0,1,0,0,0,0,0,1,0,0,0.0,16.333333333333332,18.0,2313.0,45
2024,20,16,16,12,0.0,70.0,77.558,999.0,999.0,0,0,0,0,0,0,0,0,0,1,1,0,0,1.6666666666666667,9.666666666666666,12.666666666666666,671.0,15
2024,20,17,17,8,4.0,71.0,77.597,999.0,999.0,0,0,0,0,0,1,0,0,0,0,1,0,0,16.666666666666668,3.0,4.0,2112.0,36
2024,20,18,18,17,0.0,70.0,77.611,999.0,999.0,0,0,0,0,0,0,0,0,1,0,1,0,0,2.3333333333333335,11.333333333333334,9.0,2312.0,43
2024,20,19,0,13,0.0,70.0,77.617,999.0,999.0,1,0,0,0,0,0,0,0,0,0,1,0,0,0.0,15.333333333333334,15.666666666666666,580.0,14
2024,20,20,19,15,0.0,70.0,78.072,999.0,999.0,0,0,0,0,1,0,0,0,0,0,1,0,0,0.0,16.0,19.333333333333332,887.0,22
2024,21,1,1,6,8.0,69.0,90.944,84.844,83.405,0,0,0,0,0,1,0,0,0,0,1,0,0,18.333333333333332,2.3333333333333335,1.6666666666666667,1229.0,28
2024,21,2,2,4,12.0,69.0,89.121,86.307,83.578,0,0,0,0,0,0,1,0,0,0,1,0,0,10.0,5.0,5.0,838.0,20
2024,21,3,3,7,6.0,69.0,89.172,86.464,84.111,0,0,0,0,0,0,0,1,0,0,1,0,0,0.0,15.333333333333334,10.0,2334.0,49
2024,21,4,4,2,18.0,69.0,89.171,86.206,84.475,1,0,0,0,0,0,0,0,0,0,1,0,1,0.0,14.666666666666666,15.666666666666666,580.0,14
2024,21,5,5,9,2.0,69.0,90.758,85.654,84.484,0,0,0,0,0,0,0,1,0,0,1,0,0,1.0,12.5,13.5,1445.0,30
2024,21,6,6,5,10.0,69.0,89.839,86.097,84.525,0,0,1,0,0,0,0,0,0,0,1,0,0,17.0,3.0,5.666666666666667,528.0,11
2024,21,7,7,18,0.0,0.0,89.072,84.657,84.657,0,0,0,0,0,0,0,0,0,1,0,0,0,0.0,18.333333333333332,12.0,12.0,5
2024,21,8,8,8,4.0,69.0,90.114,84.686,84.686,0,0,0,0,0,1,0,0,0,0,1,0,0,9.666666666666666,5.333333333333333,9.0,2116.0,36
2024,21,9,9,14,0.0,69.0,90.207,88.998,88.998,0,1,0,0,0,0,0,0,0,0,1,0,0,1.3333333333333333,13.0,9.333333333333334,660.0,15
2024,21,10,10,19,0.0,0.0,90.58,86.334,999.0,0,1,0,0,0,0,0,0,0,0,0,0,0,0.0,13.333333333333334,15.0,929.0,26
2024,21,11,11,13,0.0,69.0,90.633,86.472,999.0,0,0,0,0,1,0,0,0,0,0,1,0,0,0.0,15.666666666666666,17.333333333333332,2313.0,45
2024,21,12,17,1,26.0,69.0,88.522,87.771,999.0,0,0,0,0,0,0,0,0,1,0,1,1,1,13.666666666666666,3.6666666666666665,2.0,1777.0,33
2024,21,13,12,11,0.0,69.0,90.035,88.158,999.0,0,0,0,0,0,0,0,0,1,0,1,0,0,2.3333333333333335,11.333333333333334,13.666666666666666,2312.0,43
2024,21,14,20,16,0.0,38.0,90.303,89.406,999.0,0,0,1,0,0,0,0,0,0,0,0,0,0,16.333333333333332,3.3333333333333335,4.666666666666667,233.0,9
2024,21,15,13,3,15.0,69.0,89.42,89.614,999.0,1,0,0,0,0,0,0,0,0,0,1,0,1,0.3333333333333333,13.0,11.0,2150.0,39
2024,21,16,14,10,1.0,69.0,91.15,999.0,999.0,0,0,0,0,0,0,1,0,0,0,1,0,0,6.666666666666667,10.0,9.333333333333334,1424.0,30
2024,21,17,15,12,0.0,69.0,91.229,999.0,999.0,0,0,0,1,0,0,0,0,0,0,1,0,0,3.5,8.5,11.0,1877.0,36
2024,21,18,16,17,0.0,30.0,91.27,999.0,999.0,0,0,0,0,0,0,0,0,0,1,0,0,0,0.3333333333333333,11.0,15.0,671.0,15
2024,21,19,18,20,0.0,0.0,91.623,999.0,999.0,0,0,0,1,0,0,0,0,0,0,0,0,0,2.6666666666666665,8.666666666666666,9.333333333333334,1866.0,34
2024,21,20,19,15,0.0,69.0,92.263,999.0,999.0,0,0,0,0,1,0,0,0,0,0,1,0,0,0.0,16.333333333333332,20.0,887.0,22
2024,22,1,1,1,25.0,50.0,93.186,92.779,92.312,0,0,0,0,0,0,1,0,0,0,1,1,1,10.0,5.0,4.333333333333333,850.0,20
2024,22,2,2,3,15.0,50.0,93.484,92.711,92.41,0,0,1,0,0,0,0,0,0,0,1,0,1,14.333333333333334,6.333333333333333,6.0,233.0,10
2024,22,3,3,20,0.0,15.0,93.691,92.879,92.664,1,0,0,0,0,0,0,0,0,0,0,0,0,5.333333333333333,8.333333333333334,10.0,2165.0,39
2024,22,4,4,4,12.0,50.0,93.446,93.016,92.783,0,0,1,0,0,0,0,0,0,0,1,0,0,17.0,3.0,4.666666666666667,538.0,11
2024,22,5,5,5,10.0,50.0,93.299,93.085,92.797,0,0,0,0,0,0,0,0,1,0,1,0,0,16.333333333333332,3.3333333333333335,5.333333333333333,1803.0,33
2024,22,6,6,6,9.0,50.0,93.592,93.099,93.008,0,0,0,0,0,1,0,0,0,0,1,0,0,12.666666666666666,4.0,1.6666666666666667,1237.0,28
2024,22,7,7,9,2.0,50.0,93.789,93.089,93.029,0,0,0,0,0,0,0,1,0,0,1,0,0,2.0,13.666666666666666,8.333333333333334,2340.0,49
2024,22,8,8,7,6.0,50.0,93.45,93.024,93.033,0,0,0,0,0,1,0,0,0,0,1,0,0,6.0,7.0,10.0,2120.0,36
2024,22,9,9,8,4.0,50.0,93.92,93.114,93.062,0,0,0,1,0,0,0,0,0,0,1,0,0,2.0,12.333333333333334,13.666666666666666,1866.0,35
2024,22,10,10,2,18.0,50.0,93.225,92.567,108.106,0,0,0,0,0,0,1,0,0,0,1,0,1,4.333333333333333,11.333333333333334,13.666666666666666,1425.0,30
2024,22,11,11,17,0.0,49.0,93.968,93.221,999.0,1,0,0,0,0,0,0,0,0,0,1,0,0,6.0,11.0,12.0,598.0,14
2024,22,12,12,12,0.0,50.0,93.991,93.297,999.0,0,0,0,1,0,0,0,0,0,0,1,0,0,2.0,12.333333333333334,10.0,903.0,24
2024,22,13,13,13,0.0,50.0,94.079,93.566,999.0,0,0,0,0,1,0,0,0,0,0,1,0,0,0.0,16.333333333333332,20.0,887.0,22
2024,22,14,20,14,0.0,50.0,93.746,93.749,999.0,0,0,0,0,0,0,0,0,0,1,1,0,0,0.3333333333333333,13.0,17.0,671.0,16
2024,22,15,14,16,0.0,50.0,94.087,94.257,999.0,0,0,0,0,0,0,0,1,0,0,1,0,0,1.3333333333333333,11.333333333333334,10.666666666666666,1447.0,30
2024,22,16,15,10,1.0,50.0,94.155,999.0,999.0,0,0,0,0,0,0,0,0,1,0,1,0,0,2.0,11.666666666666666,13.666666666666666,2312.0,43
2024,22,17,16,11,0.0,50.0,94.258,999.0,999.0,0,1,0,0,0,0,0,0,0,0,1,0,0,0.0,15.0,10.0,660.0,15
2024,22,18,17,19,0.0,25.0,94.425,999.0,999.0,0,0,0,0,0,0,0,0,0,1,0,0,0,0.0,17.666666666666668,10.666666666666666,12.0,6
2024,22,19,19,18,0.0,49.0,94.43,999.0,999.0,0,0,0,0,1,0,0,0,0,0,1,0,0,0.0,14.666666666666666,14.666666666666666,2313.0,45
2024,22,20,18,15,0.0,50.0,94.484,999.0,999.0,0,1,0,0,0,0,0,0,0,0,1,0,0,0.0,15.0,12.666666666666666,929.0,27
2024,23,1,2,1,25.0,57.0,81.579,80.687,80.52,0,0,0,0,0,0,0,0,1,0,1,1,1,14.666666666666666,4.0,6.333333333333333,1813.0,33
2024,23,2,1,4,12.0,57.0,81.241,81.069,80.575,0,0,0,0,0,0,1,0,0,0,1,0,0,15.666666666666666,3.3333333333333335,2.6666666666666665,875.0,20
2024,23,3,3,10,2.0,57.0,81.578,80.983,80.772,0,0,0,0,0,1,0,0,0,0,1,0,0,11.666666666666666,4.666666666666667,3.3333333333333335,1246.0,28
2024,23,4,4,3,15.0,57.0,81.821,81.121,80.829,0,0,0,0,0,1,0,0,0,0,1,0,1,4.666666666666667,7.666666666666667,11.0,2126.0,36
2024,23,5,5,2,18.0,57.0,81.278,81.0,80.852,0,0,1,0,0,0,0,0,0,0,1,0,1,12.666666666666666,4.0,4.666666666666667,550.0,11
2024,23,6,6,12,0.0,57.0,81.637,81.095,81.011,0,0,0,0,0,0,1,0,0,0,1,0,0,10.333333333333334,5.333333333333333,10.666666666666666,1443.0,30
2024,23,7,7,6,8.0,57.0,81.447,81.199,81.041,0,0,1,0,0,0,0,0,0,0,1,0,0,13.333333333333334,6.666666666666667,5.666666666666667,248.0,10
2024,23,8,8,7,6.0,57.0,81.608,81.208,81.251,0,1,0,0,0,0,0,0,0,0,1,0,0,0.0,14.333333333333334,13.0,660.0,15
2024,23,9,9,17,0.0,38.0,81.675,81.425,81.425,0,0,0,0,0,0,0,0,1,0,0,0,0,0.3333333333333333,12.666666666666666,15.666666666666666,2313.0,43
2024,23,10,10,9,2.0,57.0,81.891,81.387,81.5,0,0,0,1,0,0,0,0,0,0,1,0,0,2.0,10.0,9.333333333333334,903.0,24
2024,23,11,11,5,10.0,57.0,81.843,81.437,999.0,1,0,0,0,0,0,0,0,0,0,1,0,0,5.333333333333333,11.0,8.666666666666666,2165.0,40
2024,23,12,12,8,4.0,57.0,82.103,81.501,999.0,0,0,0,0,1,0,0,0,0,0,1,0,0,0.0,14.333333333333334,17.666666666666668,887.0,22
2024,23,13,13,11,0.0,57.0,81.927,81.731,999.0,0,0,0,0,1,0,0,0,0,0,1,0,0,0.0,15.0,15.0,2313.0,45
2024,23,14,14,13,0.0,57.0,82.364,81.771,999.0,0,0,0,0,0,0,0,1,0,0,1,0,0,2.6666666666666665,12.0,7.0,2342.0,49
2024,23,15,15,18,0.0,8.0,82.011,81.911,999.0,0,1,0,0,0,0,0,0,0,0,0,0,0,0.0,15.0,14.666666666666666,929.0,27
2024,23,16,16,15,0.0,56.0,82.39,999.0,999.0,0,0,0,0,0,0,0,0,0,1,1,0,0,0.0,18.666666666666668,11.333333333333334,12.0,7
2024,23,17,17,14,0.0,57.0,82.411,999.0,999.0,0,0,0,0,0,0,0,1,0,0,1,0,0,0.6666666666666666,13.666666666666666,10.666666666666666,1447.0,30
2024,23,18,18,16,0.0,39.0,82.442,999.0,999.0,0,0,0,1,0,0,0,0,0,0,0,0,0,2.0,12.333333333333334,12.666666666666666,1870.0,35
2024,23,19,19,19,0.0,0.0,82.594,999.0,999.0,0,0,0,0,0,0,0,0,0,1,0,0,0,0.0,14.333333333333334,16.0,671.0,16
2024,23,20,20,20,0.0,0.0,82.714,999.0,999.0,1,0,0,0,0,0,0,0,0,0,0,0,0,6.0,10.666666666666666,11.333333333333334,598.0,14
2024,24,1,1,1,25.0,58.0,83.682,83.098,82.595,0,0,0,0,0,1,0,0,0,0,1,1,1,6.333333333333333,7.333333333333333,3.3333333333333335,1248.0,28
2024,24,2,2,10,1.0,58.0,83.64,83.199,82.804,0,0,0,0,0,1,0,0,0,0,1,0,0,8.333333333333334,6.0,6.666666666666667,2141.0,36
2024,24,3,3,2,18.0,58.0,83.487,82.985,82.824,0,0,1,0,0,0,0,0,0,0,1,0,1,7.666666666666667,8.333333333333334,7.666666666666667,256.0,10
2024,24,4,7,8,4.0,58.0,83.722,83.04,82.886,0,0,0,1,0,0,0,0,0,0,1,0,0,1.3333333333333333,14.666666666666666,15.333333333333334,1870.0,36
2024,24,5,4,6,8.0,58.0,83.516,82.998,82.945,0,0,0,0,0,0,0,0,1,0,1,0,0,20.333333333333332,2.3333333333333335,6.0,1838.0,33
2024,24,6,5,7,6.0,58.0,83.548,83.086,82.984,1,0,0,0,0,0,0,0,0,0,1,0,0,8.333333333333334,9.333333333333334,9.666666666666666,2175.0,40
2024,24,7,6,5,10.0,58.0,83.678,83.283,83.132,0,0,0,0,0,0,1,0,0,0,1,0,0,16.333333333333332,3.0,1.6666666666666667,887.0,20
2024,24,8,8,9,2.0,58.0,83.794,83.268,83.196,0,1,0,0,0,0,0,0,0,0,1,0,0,2.0,10.666666666666666,11.333333333333334,666.0,15
2024,24,9,9,18,0.0,30.0,83.481,83.341,83.204,0,0,0,0,1,0,0,0,0,0,0,0,0,0.0,14.0,14.333333333333334,2313.0,45
2024,24,10,10,20,0.0,0.0,83.559,83.379,83.264,0,0,0,0,0,0,0,0,1,0,0,0,0,0.3333333333333333,12.666666666666666,12.666666666666666,2313.0,44
2024,24,11,11,12,0.0,57.0,83.735,83.419,999.0,0,0,0,0,0,0,0,1,0,0,1,0,0,2.6666666666666665,9.666666666666666,8.0,2342.0,49
2024,24,12,12,17,0.0,55.0,83.733,83.472,999.0,0,0,0,0,0,0,0,1,0,0,0,0,0,0.6666666666666666,13.0,12.333333333333334,1447.0,30
2024,24,13,13,14,0.0,57.0,83.729,83.784,999.0,0,1,0,0,0,0,0,0,0,0,1,0,0,0.0,17.333333333333332,15.0,929.0,28
2024,24,14,19,3,15.0,58.0,83.302,83.833,999.0,0,0,1,0,0,0,0,0,0,0,1,0,1,13.333333333333334,3.6666666666666665,5.0,568.0,11
2024,24,15,14,16,0.0,57.0,83.632,83.877,999.0,0,0,0,1,0,0,0,0,0,0,1,0,0,2.6666666666666665,9.333333333333334,9.666666666666666,905.0,24
2024,24,16,18,11,0.0,57.0,83.821,999.0,999.0,0,0,0,0,0,0,0,0,0,1,1,0,0,0.0,17.333333333333332,13.666666666666666,12.0,7
2024,24,17,15,13,0.0,57.0,83.88,999.0,999.0,0,0,0,0,1,0,0,0,0,0,1,0,0,1.3333333333333333,12.0,15.0,891.0,22
2024,24,18,16,4,12.0,58.0,83.887,999.0,999.0,0,0,0,0,0,0,1,0,0,0,1,0,0,6.333333333333333,8.0,10.666666666666666,1443.0,30
2024,24,19,20,19,0.0,26.0,83.912,999.0,999.0,0,0,0,0,0,0,0,0,0,1,0,0,0,0.0,16.666666666666668,17.0,671.0,17
2024,24,20,17,15,0.0,57.0,84.105,999.0,999.0,1,0,0,0,0,0,0,0,0,0,1,0,0,2.0,10.5,12.5,0.0,22
